"","lines_vec","characters","char_per_line"
"Blogs",899288,210160014,233.696006173773
"News",1010242,205811889,203.725334127862
"Twitter",2360148,167105338,70.802906427902
"Total",4269678,583077241,136.562345216665
